threshold,trades,win_rate,avg_return,total_return
0.45,1210,0.8140495867768595,0.0016875713485274028,2.0419613317181575
0.5,1130,0.8283185840707965,0.0017647685640147272,1.9941884773366416
0.55,1001,0.8461538461538461,0.0019135809870297429,1.9154945680167725
0.6,884,0.8619909502262444,0.002038177688938552,1.80174907702168
0.65,773,0.8771021992238034,0.002179543816373041,1.6847873700563607
0.7,656,0.8948170731707317,0.002416181244742718,1.5850148965512232
